{
    "bl_idname": "\u0006",
    "view3d_support_enable": true,
    "uv_support_enable": true,
    "export_import_enable": true,
    "material_enable": true,
    "origin_enable": true,
    "other_enable": true,
    "geometry_enable": true,
    "uv_view3d_enable": true,
    "uv_uv_enable": true,
    "renaming_enable": true,
    "uv_material_enable": true,
    "material_properties_enable": true,
    "view3d_support_panel_category": "ACT",
    "uv_support_panel_category": "ACT",
    "export_import_panel_category": "ACT",
    "material_panel_category": "ACT",
    "origin_panel_category": "ACT",
    "other_panel_category": "ACT",
    "geometry_panel_category": "ACT",
    "rename_panel_category": "ACT",
    "uv_uv_category": "ACT",
    "view3d_uv_panel_category": "ACT",
    "uv_material_panel_category": "ACT",
    "show_export_axis_tooltip": true,
    "export_mode": "PARENT",
    "export_format": "FBX",
    "obj_separate_by_materials": true,
    "obj_export_smooth_groups": true,
    "gltf_export_image_format": "AUTO",
    "gltf_export_attributes": false,
    "apply_rot": true,
    "apply_rot_rotated": true,
    "apply_scale": true,
    "apply_loc": true,
    "set_custom_fbx_name": false,
    "custom_fbx_name": "",
    "delete_mats_before_export": false,
    "triangulate_before_export": false,
    "custom_export_path": false,
    "export_path": "",
    "export_target_engine": "UNITY",
    "export_custom_options": false,
    "export_loose_edges": false,
    "export_tangent_space": false,
    "export_smoothing": "OFF",
    "export_custom_props": true,
    "export_combine_meshes": false,
    "export_only_deform_bones": false,
    "export_add_leaf_bones": false,
    "export_vc_color_space": "LINEAR",
    "use_custom_export_scale": false,
    "custom_export_scale_value": 1.0,
    "use_custom_export_axes": false,
    "custom_export_forward_axis": "-Z",
    "custom_export_up_axis": "Y",
    "align_geom_to_orig": false,
    "align_co": 0.0,
    "delete_prev_nums": true,
    "nums_method": "ALONG_X",
    "nums_format": "NO_ZEROS",
    "lod_level": 0,
    "uv_move_factor": "3",
    "uv_index_rename": 0,
    "uv_name_rename": "",
    "uv_name_add": "",
    "uv_packing_mode": "NO",
    "uv_packing_smart_angle": 66.0,
    "uv_packing_smart_margin": 0.0,
    "uv_packing_lightmap_quality": 32,
    "uv_packing_lightmap_margin": 0.30000001192092896,
    "palette_custom_save_path": false,
    "palette_pbr_workflow": false,
    "palette_save_path": "",
    "normals_inside": false,
    "calc_normals_en": false,
    "merge_bones_method": "DELETE",
    "col_to_obj_name_method": "ADD",
    "col_name_position": "START",
    "col_name_type_style": "DEFAULT",
    "delete_empty_meshes": true,
    "show_panels_prefs": false,
    "show_default_export": false,
    "show_default_origin": false,
    "show_default_rename": false,
    "show_default_uv": false,
    "show_default_material": false,
    "show_default_other": false
}